model_name,num_threads,max_ram_mb,example_index,cpu_usage_before,cpu_usage_after,mem_usage_before,mem_usage_after,elapsed_time_s,is_correct,input_text,reference_solution,generated_text,model_variation,model_base
GPT2LMHeadModel,1,,0,0.4,0.8,25979977728,25969000448,20.296746492385864,0,Solve 24 = 1601*c - 1605*c for c.\n,-6,"text-generation-and-transition-options"" ) ) ; var v = ( var ( ""src"", ""src-data"", ""src-url"" ) ) ; var d = ( var ( ""src"", ""src-data"", ""src-url"" ) ) ; var s = ( var ( ""src"", ""src-data"", ""src-url"" ) ) ; var p = d [ ""src"" ] [ ""src-url"" ] ; var t = ( var ( ""src"", ""src-data"", ""src-url"" ) ) ; var t = ( var ( ""src"", ""src-data"", ""src-url"" ) ) ; var h = ( var ( ""src"", ""src-data"", ""src-url"" ) ) ; var m = m [ ""src"" ] [ ""src-url"" ] ; var n = m [ ""src"" ] [ ""src-url"" ] ; var e = ( var ( ""src"", ""src-data"", ""src-url"" ) ) ; var r = m [ ""src"" ] [ ""src-url"" ] ; var s = ( var ( ""src"", ""src-data"", ""src-url"" ) ) ; var t = ( var ( ""src"", ""src-data"", ""src-url"" ) ) ; var h = ( var ( ""src"", ""src-data"", ""src-url"" ) ) ; var r = m [ ""src"" ] [ ""src-url"" ] ; var s = ( var ( ""src"", ""src-data"", ""src-url"" ) ) ; var t = ( var ( ""src"", ""src-data"", ""src-url"" ) ) ; var e = ( var ( ""src"", ""src-data"", ""src-url"" ) ) ; var r = m [ ""src"" ] [ ""src-url"" ] ; var s = ( var ( ""src"", ""src-data"", ""src-url"" ) ) ; var t = ( var ( ""src"", ""src-data"", ""src-url"" ) ) ; var e = ( var ( ""src"", ""src-data"", ""src-url"" ) ) ; var r = m [ ""src"" ] [ ""src-url""",base,openai-community/gpt2
GPT2LMHeadModel,1,,1,0.0,0.5,25969000448,25965723648,20.278208017349243,0,Solve 657 = -220*t + 1086*t + 22307 for t.\n,-25,"text-generation)

The New York Times has a story about how the U.S. government is trying to stop the spread of a polio vaccine that is not approved by the U.S. Food and Drug Administration, which has so far refused to approve it. It is one of several examples of what is happening in the United States.

The report makes clear that the vaccine is not working. There are about 3.6 million cases of polio in the U.S., and in the last year, there have been more than 12,000 cases of polio.

According to the U.S. Centers for Disease Control and Prevention, the number of polio cases in the United States is now more than three times higher than in the United States. The CDC estimates that about 7,000 people die every year from polio.

The report also explains how some of the children in the U.S. have had their immunizations withdrawn because of the disease, and that many of the children who are vaccinated have never been sick.

Here is what the report says:

The most recent numbers for the year ending March 1, 2010, show that there are about 8,300 people who are living with symptoms of polio in the United States, compared with about 9,400 in 2010.

Of those 8,300 people who are currently living with symptoms, about 7,000 are in the United States, and about 1,100 are in the United Kingdom, the report says.

This is a large increase from a year earlier, when there were about 2,400 people living with symptoms in the United States. The number of people who are living with symptoms in the United States is now about 7,000 more people than in 2010, and it is expected that by the end of this year, the number of people who are living with symptoms will be about 8,000 more.

The CDC says it is trying to get the vaccine to the U.S. Children's Hospital in Cleveland, Ohio, to ""make sure it's safe to use."" The hospital said it has had several tests done and will be reviewing them.

The report says the government can stop the spread of the vaccine if it ""provides the public with the necessary information and information that will support its efforts to prevent polio.""

In the U.K., the government has offered to provide free polio vaccine, which is a form of immunization that is not approved by the U.K. The government says that the",base,openai-community/gpt2
GPT2LMHeadModel,1,,2,0.0,0.5,25965723648,25966051328,20.23896074295044,0,Solve -11*y - 263*y + 3162 = -88*y for y.\n,17,"text-generation-tablet"" > <input type=""text"" name=""file_file"" value=""file"" /> <input type=""text"" name=""file_file"" value=""file_file"" /> </table> </div> </td> </tr> <tr> <td class=""nav-entry"" data-type=""text"" id=""nav_tab_text"" > <div class=""nav-tab-text""> <div class=""nav-tab-text""> <table class=""nav-tables""> <tr> <td class=""nav-title"" data-type=""text"" id=""nav_tab_title"" > <div class=""nav-tab-title""> <div class=""nav-tab-title""> <div class=""nav-tab-title""> <div class=""nav-tab-title""> <div class=""nav-tab-title""> <div class=""nav-tab-title""> <div class=""nav-tab-title""> <div class=""nav-tab-title""> <div class=""nav-tab-title""> <div class=""nav-tab-title""> <div class=""nav-tab-title""> <div class=""nav-tab-title""> <div class=""nav-tab-title""> <div class=""nav-tab-title""> <div class=""nav-tab-title""> <div class=""nav-tab-title""> <div class=""nav-tab-title""> <div class=""nav-tab-title""> <div class=""nav-tab-title""> <div class=""nav-tab-title""> <div class=""nav-tab-title""> <div class=""nav-tab-title""> <div class=""nav-tab-title""> <div class=""nav-tab-title""> <div class=""nav-tab-title""> <div class=""nav-tab-title""> <div class=""nav-tab-title""> <div class=""nav-tab-title""> <div class=""nav-tab-title""> <div class=""nav-tab-title""> <div class=""nav-tab-title""> <div class=""nav-tab-title""> <div class=""nav-tab-title""> <div class=""nav-tab-title""> <div class=""nav-tab-title""> <div class=""nav-tab-title""> <div class=""nav-tab-title""> <div class=""nav-tab-",base,openai-community/gpt2
GPT2LMHeadModel,2,,0,1.4,0.8,25966051328,25976078336,19.760565280914307,0,Solve 24 = 1601*c - 1605*c for c.\n,-6,"text-generation-test.html

This is a great way to test your code for the new features that are coming to the OS X 10.11 operating system.

In this tutorial we will look at the new features that are coming to the OS X 10.11 operating system.

Check out the new features in the following sections:

Automatically add new feature

You can easily add new features to your project by just using the ""Add new feature"" button. This button will automatically add the new feature to your project if you add it in the current version of OS X.

This can be done in a few simple steps. First, you will create a new project and click ""Add new feature"" to open it in your browser. This will create a new section on the page that will add the new feature.

In the new section, you will need to type the following commands:

Click on the ""Add new feature"" button.

Click on the ""Add new feature"" button. Click on ""Create new feature"" button.

Click on the ""Create new feature"" button.

Click on the ""Create new feature"" button.

Click on the ""Create new feature"" button.

Click on the ""Create new feature"" button.

Click on the ""Create new feature"" button.

Click on the ""Create new feature"" button.

Click on the ""Create new feature"" button.

Click on the ""Create new feature"" button.

Click on the ""Create new feature"" button.

Click on the ""Create new feature"" button.

Click on the ""Create new feature"" button.

Click on the ""Create new feature"" button.

Click on the ""Create new feature"" button.

Click on the ""Create new feature"" button.

Click on the ""Create new feature"" button.

Click on the ""Create new feature"" button.

Click on the ""Create new feature"" button.

Click on the ""Create new feature"" button.

Click on the ""Create new feature"" button.

Click on the ""Create new feature"" button.

Click on the ""Create new feature"" button.

Click on the ""Create new feature"" button.

Click on the ""Create new feature"" button.

Click on the ""Create new feature"" button.

Click on",base,openai-community/gpt2
GPT2LMHeadModel,2,,1,0.0,0.8,25976078336,25965805568,19.74047565460205,0,Solve 657 = -220*t + 1086*t + 22307 for t.\n,-25,"text-generation-4.jpg"", ""image_inventory"": ""backpack/player/items/all_class/dungeon_pumpkins/dungeon_pumpkins"", ""model_player"": ""models/player/items/all_class/dungeon_pumpkins.mdl"", ""drop_type"": ""none"", ""craft_class"": """", ""craft_material_type"": """", ""capabilities"": { ""can_craft_mark"": true, ""can_be_restored"": true, ""strange_parts"": true, ""can_card_upgrade"": true, ""can_strangify"": true, ""can_killstreakify"": true, ""can_consume"": true, ""strange_parts"": true, ""can_killstreakify"": true } ""4"": { ""can_card_upgrade"": true, ""can_strangify"": true, ""can_killstreakify"": true, ""can_consume"": true, ""strange_parts"": true, ""can_killstreakify"": true } ""5"": { ""can_card_upgrade"": true, ""can_strangify"": true, ""can_killstreakify"": true, ""can_consume"": true, ""strange_parts"": true, ""can_killstreakify"": true } ""6"": { ""can_card_upgrade"": true, ""can_strangify"": true, ""can_killstreakify"": true, ""can_consume"": true, ""strange_parts"": true, ""can_killstreakify"": true } ""7"": { ""can_card_upgrade"": true, ""can_strangify"": true, ""can_killstreakify"": true, ""can_consume"": true, ""strange_parts"": true, ""can_killstreakify"": true } ""8"": { ""can_card_upgrade"": true, ""can_strangify"": true, ""can_killstreakify"": true, ""can_consume"": true, ""strange_parts"": true, ""can_killstreakify"": true } ""9"": { ""can_card_upgrade"": true, ""can_strangify"": true, ""can_killstreakify"": true, ""can_consume"": true,",base,openai-community/gpt2
GPT2LMHeadModel,2,,2,0.0,0.8,25965805568,25957212160,19.753993034362793,0,Solve -11*y - 263*y + 3162 = -88*y for y.\n,17,"text-generation-programming-type]

[*]

[*]

[*]

[*]

[*]

[*]

[*]

[*]

[*]

[*]

[*]

[*]

[*]

[*]

[*]

[*]

[*]

[*]

[*]

[*]

[*]

[*]

[*]

[*]

[*]

[*]

[*]

[*]

[*]

[*]

[*]

[*]

[*]

[*]

[*]

[*]

[*]

[*]

[*]

[*]

[*]

[*]

[*]

[*]

[*]

[*]

[*]

[*]

[*]

[*]

[*]

[*]

[*]

[*]

[*]

[*]

[*]

[*]

[*]

[*]

[*]

[*]

[*]

[*]

[*]

[*]

[*]

[*]

[*]

[*]

[*]

[*]

[*]

[*]

[*]

[*]

[*]

[*]

[*]

[*]

[*]

[*]

[*]

[*]

[*]

[*]

[*]

[*]

[*]

[*]

[*]

[*]

[*]

[*]

[*]

[*]

[*]

[*]

[*]

[*]

[*]",base,openai-community/gpt2
GPT2LMHeadModel,4,,0,1.4,1.8,25957212160,25967931392,19.78020143508911,0,Solve 24 = 1601*c - 1605*c for c.\n,-6,text-generation-methods-and-keychain-replaces-the-old-tobias-and-the-new-tobias-and-the-new-tobias-and-the-new-tobias-and-the-new-tobias-and-the-new-tobias-and-the-new-tobias-and-the-new-tobias-and-the-new-tobias-and-the-new-tobias-and-the-new-tobias-and-the-new-tobias-and-the-new-tobias-and-the-new-tobias-and-the-new-tobias-and-the-new-tobias-and-the-new-tobias-and-the-new-tobias-and-the-new-tobias-and-the-new-tobias-and-the-new-tobias-and-the-new-tobias-and-the-new-tobias-and-the-new-tobias-and-the-new-tobias-and-the-new-tobias-and-the-new-tobias-and-the-new-tobias-and-the-new-tobias-and-the-new-tobias-and-the-new-tobias-and-the-new-tobias-and-the-new-tobias-and-the-new-tobias-and-the-new-tobias-and-the-new-tobias-and-the-new-tobias-and-the-new-tobias-and-the-new-tobias-and-the-new-tobias-and-the-new-tobias-and-the-new-tobias-and-the-new-tobias-and-the-new-tobias-and-the-new-tobias-and-the-new-tobias-and-the-new-tobias-and-the-new-tobias-and-the-new-tobias-and-the-new-tobias-and-,base,openai-community/gpt2
GPT2LMHeadModel,4,,1,0.0,1.5,25967931392,25965101056,10.758400917053223,0,Solve 657 = -220*t + 1086*t + 22307 for t.\n,-25,"text-generation-test-v2.js

License

MIT

Copyright (c) 2015 David W. Smith <dwsmith@saint.com>

Permission is hereby granted, free of charge, to any person obtaining a copy of this software and associated documentation files (the ""Software""), to deal in the Software without restriction, including without limitation the rights to use, copy, modify, merge, publish, distribute, sublicense, and/or sell copies of the Software, and to permit persons to whom the Software is furnished to do so, subject to the following conditions:

The above copyright notice and this permission notice shall be included in all copies or substantial portions of the Software.

THE SOFTWARE IS PROVIDED ""AS IS"", WITHOUT WARRANTY OF ANY KIND, EXPRESS OR IMPLIED, INCLUDING BUT NOT LIMITED TO THE WARRANTIES OF MERCHANTABILITY, FITNESS FOR A PARTICULAR PURPOSE AND NONINFRINGEMENT. IN NO EVENT SHALL THE AUTHORS OR COPYRIGHT HOLDERS BE LIABLE FOR ANY CLAIM, DAMAGES OR OTHER LIABILITY, WHETHER IN AN ACTION OF CONTRACT, TORT OR OTHERWISE, ARISING FROM, OUT OF OR IN CONNECTION WITH THE SOFTWARE OR THE USE OR OTHER DEALINGS IN THE SOFTWARE.",base,openai-community/gpt2
GPT2LMHeadModel,4,,2,0.0,1.5,25965101056,25977352192,20.03636908531189,0,Solve -11*y - 263*y + 3162 = -88*y for y.\n,17,"text-generation-2.0.4-1.1.1-build.html

1.2.0-beta

Add the latest beta 2.0.4 version (0.4.0) of HTML5 and CSS5 to the main page.

1.2.1-alpha

Add the latest alpha 2.0.4 beta 2.0.4 to the main page.

1.2.2-alpha

Add the latest alpha 2.0.4 beta 2.0.4 to the main page.

1.2.3-beta

Add the latest beta 2.0.4 beta 2.0.4 to the main page.

1.2.4-beta

Add the latest beta 2.0.4 beta 2.0.4 to the main page.

1.2.5-alpha

Add the latest alpha 2.0.4 beta 2.0.4 to the main page.

1.2.6-alpha

Add the latest alpha 2.0.4 beta 2.0.4 to the main page.

1.2.7-alpha

Add the latest alpha 2.0.4 beta 2.0.4 to the main page.

1.2.8-alpha

Add the latest alpha 2.0.4 beta 2.0.4 to the main page.

1.2.9-alpha

Add the latest alpha 2.0.4 beta 2.0.4 to the main page.

1.2.10-alpha

Add the latest alpha 2.0.4 beta 2.0.4 to the main page.

1.2.11-alpha

Add the latest alpha 2.0.4 beta 2.0.4 to the main page.

1.2.12-alpha

Add the latest alpha 2.0.4 beta 2.0.4 to the main page.

1.2.13-alpha

Add the latest alpha 2.0.4 beta 2.0.4 to the main page.

1.2.14-alpha

Add the latest alpha 2.0.4 beta 2.0.4 to the main page.

1.2.15-alpha

Add the latest alpha 2.0.4 beta 2.",base,openai-community/gpt2
GPT2LMHeadModel,8,,0,1.7,2.8,25977352192,25982754816,20.599265098571777,0,Solve 24 = 1601*c - 1605*c for c.\n,-6,"text-generation-in-production-4.html

http://www.mccain.com/blog/2011/03/27/possible-solution-to-reduce-the-carbon-cycle-of-climate-change/

http://www.thegreenwatch.org/2011/03/27/possible-solution-to-reduce-the-carbon-cycle-of-climate-change/

http://www.renewableenergy.org/blog/2011/03/27/possible-solution-to-reduce-the-carbon-cycle-of-climate-change/

http://www.globalresearch.ca/environment/2013/12/possible-solution-to-reduce-the-carbon-cycle-of-climate-change/

http://www.pancyslaw.com/blogs/mccain-and-global-warming-2013/

http://www.sciencemag.org/content/early-interviews/2010/05/possible-solution-to-reduce-the-carbon-cycle-of-climate-change-12/

http://www.renewableenergy.org/blog/2011/03/27/possible-solution-to-reduce-the-carbon-cycle-of-climate-change/

http://www.globalresearch.ca/environment/2013/12/possible-solution-to-reduce-the-carbon-cycle-of-climate-change/

http://www.pancyslaw.com/blogs/mccain-and-global-warming-2013/

http://www.pancyslaw.com/blogs/mccain-and-global-warming-2013/

http://www.pancyslaw.com/blogs/mccain-and-global-warming-2013/

http://www.globalresearch.ca/environment/2013/12/possible-solution-to-reduce-the-carbon-cycle-of-climate-change-12/

http://www.pancyslaw.com/blogs/mccain-and-global-warming-2013/

http://www.pancyslaw.com/blogs/mccain-and-global-warming-2013/",base,openai-community/gpt2
GPT2LMHeadModel,8,,1,0.0,2.8,25982754816,25976336384,20.621193885803223,0,Solve 657 = -220*t + 1086*t + 22307 for t.\n,-25,"text-generation-guide-for-digital-media-reform-2017-05-22-us""},{""id"":""groupon-deals-1218"",""name"":""groupon-deals-1218"",""description"":""groupon-deals-1218""},{""id"":""groupon-deals-1217"",""name"":""groupon-deals-1217"",""description"":""groupon-deals-1217""},{""id"":""groupon-sale-425"",""name"":""groupon-sale-425"",""description"":""groupon-sale-425""},{""id"":""groupon-deals-1222"",""name"":""groupon-deals-1222"",""description"":""groupon-deals-1222""},{""id"":""groupon-sale-684"",""name"":""groupon-sale-684"",""description"":""groupon-sale-684""},{""id"":""groupon-deals-1214"",""name"":""groupon-deals-1214"",""description"":""groupon-deals-1214""},{""id"":""groupon-sale-684"",""name"":""groupon-sale-684"",""description"":""groupon-sale-684""},{""id"":""groupon-deals-1213"",""name"":""groupon-deals-1213"",""description"":""groupon-deals-1213""},{""id"":""groupon-deals-1221"",""name"":""groupon-deals-1221"",""description"":""groupon-deals-1221""},{""id"":""groupon-deals-1220"",""name"":""groupon-deals-1220"",""description"":""groupon-deals-1220""},{""id"":""groupon-deals-1218"",""name"":""groupon-deals-1218"",""description"":""groupon-deals-1218""},{""id"":""groupon-deals-1215"",""name"":""groupon-deals-1215"",""description"":""groupon-deals-1215""},{""id"":""groupon-deals-1214"",""name"":""groupon-deals-1214"",""description"":""groupon-deals-1214""},{""id"":""groupon-deals-1212"",""name"":""groupon-deals-1212"",""description"":""groupon-deals-1212""},{""id"":""groupon-deals-1216"",""name"":""groupon-deals-1216"",""description"":""groupon-deals-1216""},{""id"":""groupon-sale-684"",""name"":""groupon-sale-684"",""description"":""groupon-sale-684""},{""id"":""groupon-sale-683"",""name"":""groupon-sale-683"",""description"":""groupon-sale-683""},{""id"":""groupon-sale-774"",""name"":""groupon-sale-774"",""description"":""groupon-sale-774""},{""id"":""groupon-sale-674"",""name"":""groupon-sale-674"",""description"":""groupon-sale-674""},{""",base,openai-community/gpt2
GPT2LMHeadModel,8,,2,4.1,2.8,25976336384,25982935040,20.677862644195557,0,Solve -11*y - 263*y + 3162 = -88*y for y.\n,17,"text-generation-system-on-linux-x86_64-2.4.2-i586-2.txz: Upgraded.

l/pc/c++/include/macros/type_if_not_fetch.h: Add missing information.

c/c++/include/macros/type_if_not_fetch.h: Fix the return type of type_if_not_fetch.

l/pc/c++/include/macros/type_if_not_fetch.h: Avoid missing information.

l/pc/c++/include/macros/type_if_not_fetch.h: Avoid missing information.

l/pc/c++/include/macros/type_if_not_fetch.h: Avoid missing information.

l/pc/c++/include/macros/type_if_not_fetch.h: Avoid missing information.

l/pc/c++/include/macros/type_if_not_fetch.h: Avoid missing information.

l/pc/c++/include/macros/type_if_not_fetch.h: Avoid missing information.

l/pc/c++/include/macros/type_if_not_fetch.h: Avoid missing information.

l/pc/c++/include/macros/type_if_not_fetch.h: Avoid missing information.

l/pc/c++/include/macros/type_if_not_fetch.h: Avoid missing information.

l/pc/c++/include/macros/type_if_not_fetch.h: Avoid missing information.

l/pc/c++/include/macros/type_if_not_fetch.h: Avoid missing information.

l/pc/c++/include/macros/type_if_not_fetch.h: Avoid missing information.

l/pc/c++/include/macros/type_if_not_fetch.h: Avoid missing information.

l/pc/c++/include/macros/type_if_not_fetch.h: Avoid missing information.

l/pc/c++/include/",base,openai-community/gpt2
GPT2LMHeadModel,1,,0,0.7,0.5,27306856448,27378163712,48.97089719772339,0,Solve 24 = 1601*c - 1605*c for c.\n,-6,"text-generation.html?tag=rss&utm_source=feedburner&utm_medium=rss

http://www.bbc.co.uk/news/uk-england-west-scots-16502686

http://www.bbc.co.uk/news/uk-england-west-scots-16502685

http://www.bbc.co.uk/news/uk-england-west-scots-16502684

http://www.bbc.co.uk/news/uk-england-west-scots-16502683

http://www.bbc.co.uk/news/uk-england-west-scots-16502682

http://www.bbc.co.uk/news/uk-england-west-scots-16502681

http://www.bbc.co.uk/news/uk-england-west-scots-16502680

http://www.bbc.co.uk/news/uk-england-west-scots-16502679

http://www.bbc.co.uk/news/uk-england-west-scots-16502678

http://www.bbc.co.uk/news/uk-england-west-scots-16502677

http://www.bbc.co.uk/news/uk-england-west-scots-16502676

http://www.bbc.co.uk/news/uk-england-west-scots-16502675

http://www.bbc.co.uk/news/uk-england-west-scots-16502674

http://www.bbc.co.uk/news/uk-england-west-scots-16502673

http://www.bbc.co.uk/news/uk-england-west-scots-16502672

http://www.bbc.co.uk/news/uk-england-west-scots-16502671

http://www.bbc.co.uk/news/uk-england-west-scots-165026",base,openai-community/gpt2-medium
GPT2LMHeadModel,1,,1,0.0,0.5,27378163712,27384029184,47.23272919654846,0,Solve 657 = -220*t + 1086*t + 22307 for t.\n,-25,"text-generation method of generating HTML from the user's input.

The HTML5 input method supports:

In-line validation of HTML elements

HTML validation, including case-insensitive matching and escaping

In-line validations of the content attribute

The following markup contains an example of the input method.

<input type=""text"" name=""name"" value=""John"" />

The following example shows how the input method works.

<input type=""text"" name=""name"" value=""John"" /> <input type=""submit"" value=""Submit""/>

Example 1: input method for an input box

The following example shows how the input method works.

<input type=""text"" name=""name"" value=""John"" /> <input type=""submit"" value=""Submit""/>

Example 2: input method for a button

The following example shows how the input method works.

<button type=""submit"" value=""Submit"" />

Example 3: input method for a drop-down

The following example shows how the input method works.

<input type=""text"" name=""name"" value=""John"" /> <button type=""submit"" value=""Submit"" />

Example 4: input method for a text field

The following example shows how the input method works.

<textarea name=""name"" name=""value"" size=""10"" checked=""checked"" name=""value"" size=""10"" text=""John"">

In-line validations of the content attribute

The following markup contains an example of the input method.

<input type=""text"" name=""name"" value=""John"" /> <textarea name=""value"" name=""name"" size=""10"" checked=""checked"" name=""value"" size=""10"" text=""John""/>

The following example shows how the input method works.

<input type=""submit"" value=""Submit""/>

Example 5: input method for an element

The following example shows how the input method works.

<div class=""container""> <div class=""row""> <div class=""col-md-12""> <div class=""col-md-8""> <input type=""text"" name=""name"" size=""10"" value=""John"" /> </div> </div> </div> </div>

The following example shows how the input method works.

<",base,openai-community/gpt2-medium
GPT2LMHeadModel,1,,2,0.0,0.6,27384029184,27382460416,47.149863958358765,0,Solve -11*y - 263*y + 3162 = -88*y for y.\n,17,"text-generation-2.html

http://www.napalabras.org/

http://www.napalabras.org/ http://www.sphinx.org/

http://www.sphinx.org/ http://www.sphinx.org/ http://www.sphinx.org/ http://www.sphinx.org/ http://www.sphinx.org/ http://www.sphinx.org/ http://www.sphinx.org/ http://www.sphinx.org/ http://www.sphinx.org/ http://www.sphinx.org/ http://www.sphinx.org/ http://www.sphinx.org/ http://www.sphinx.org/ http://www.sphinx.org/ http://www.sphinx.org/ http://www.sphinx.org/ http://www.sphinx.org/ http://www.sphinx.org/ http://www.sphinx.org/ http://www.sphinx.org/ http://www.sphinx.org/ http://www.sphinx.org/ http://www.sphinx.org/ http://www.sphinx.org/ http://www.sphinx.org/ http://www.sphinx.org/ http://www.sphinx.org/ http://www.sphinx.org/ http://www.sphinx.org/ http://www.sphinx.org/ http://www.sphinx.org/ http://www.sphinx.org/ http://www.sphinx.org/ http://www.sphinx.org/ http://www.sphinx.org/ http://www.sphinx.org/ http://www.sphinx.org/ http://www.sphinx.org/ http://www.sphinx.org/ http://www.sphinx.org/ http://www.sphinx.org/ http://www.sphinx.org/ http://www.sphinx.org/ http://www.sphinx.org/ http://www.sphinx.org/ http://www.sphinx.org/ http://www.sphinx.",base,openai-community/gpt2-medium
GPT2LMHeadModel,2,,0,0.8,0.9,27382460416,27387260928,45.591644048690796,0,Solve 24 = 1601*c - 1605*c for c.\n,-6,"text-generation-function: function(string, function(value) { var value = '$'; if (string.indexOf(value, '#') === -1) { value = '#'; } else { value = '$'; } return value; })(); </script> <script src=""https://cdnjs.cloudflare.com/ajax/libs/libs-angularjs/1.10.0/angular.min.js""></script> <script src=""https://cdnjs.cloudflare.com/ajax/libs/libs-angularjs/1.10.0/angular-bootstrap.min.js""></script> <script src=""https://cdnjs.cloudflare.com/ajax/libs/libs-angularjs/1.10.0/angular.min.js""></script> </body> </html>

The above code is actually a single file. Here is the resulting HTML:

<html> <head> <title>ng-angular</title> <link rel=""stylesheet"" href=""https://cdnjs.cloudflare.com/ajax/libs/libs-angularjs/1.10.0/angular.min.css""> <script src=""https://cdnjs.cloudflare.com/ajax/libs/libs-angularjs/1.10.0/angular.min.js""></script> <script src=""https://cdnjs.cloudflare.com/ajax/libs/libs-angularjs/1.10.0/angular-bootstrap.min.js""></script> </head> <body ng-controller=""app""> <form ng-submit=""{{ action}}"" ng-model=""myForm.value"" ng-controller=""myForm.value.value"" ng-submit=""{{ action}}"" ng-click=""{{ action}}"" ng-click=""{{ action}}"" ng-on=""myForm.value.value.value.click"" ng-on=""myForm.value.value.value.click.click"" ng-click=""{{ action}}"" ng-on=""myForm.value.value.value.value.value.value.value.value.value.value.value.value.value.value.value.value.value.value.value.value.value.value.value.value",base,openai-community/gpt2-medium
GPT2LMHeadModel,2,,1,2.1,0.8,27387260928,27387936768,45.966381549835205,0,Solve 657 = -220*t + 1086*t + 22307 for t.\n,-25,"text-generation: utf-8; font-weight: normal; line-height: 1.4em; font-family: ""Mozilla Firefox"",Arial,sans-serif; text-align: center; padding-left: 1.25em; padding-right: 1.25em; margin-left: 1.25em; margin-right: 1.25em;""> </div> <div class=""new_tab""> <div class=""new_tab-content""> <div class=""new_tab-header""> <h2>New Tab</h2> <div class=""tab-content""> <div class=""tab-header""> <h1>New Tab</h1> <div class=""tab-header-text""> <h2>New Tab</h2> </div> </div> </div> <div class=""new_tab-content""> <div class=""new_tab-content""> <div class=""tab-header""> <h2>New Tab</h2> <div class=""tab-header-text""> <h2>New Tab</h2> </div> </div> </div> <div class=""new_tab-content""> <div class=""new_tab-content""> <div class=""tab-header""> <h2>New Tab</h2> <div class=""tab-header-text""> <h2>New Tab</h2> </div> </div> </div> </div> <div class=""new_tab-content""> <div class=""new_tab-content""> <div class=""tab-header""> <h2>New Tab</h2> <div class=""tab-header-text""> <h2>New Tab</h2> </div> </div> </div> </div> <div class=""new_tab-content""> <div class=""new_tab-content""> <div class=""tab-header""> <h2>New Tab</h2> <div class=""tab-header-text""> <h2>New Tab</h2> </div> </div> </div> </div> <div class=""new_tab-content""> <div class=""new_tab-content""> <div class=""tab-header""> <h2>New Tab</h2> <div class=""tab-header-text""> <h2>New Tab</h",base,openai-community/gpt2-medium
GPT2LMHeadModel,2,,2,0.0,1.0,27387936768,27392946176,45.91275453567505,0,Solve -11*y - 263*y + 3162 = -88*y for y.\n,17,"text-generation-systems.html

""The text generation system uses a text-generating engine to generate new text. The text is then embedded in an HTML document, which is then displayed on a web page. The text is presented in the form of a list of selected text elements, each of which is presented as a paragraph, a sentence, or a list of sentences. Each of these elements is presented as a separate line item in the document.""

http://www.text-gen.org/

""The text generation system uses a text-generating engine to generate new text. The text is then embedded in an HTML document, which is then displayed on a web page. The text is presented in the form of a list of selected text elements, each of which is presented as a paragraph, a sentence, or a list of sentences. Each of these elements is presented as a separate line item in the document.""

http://www.text-gen.org/

""The text generation system uses a text-generating engine to generate new text. The text is then embedded in an HTML document, which is then displayed on a web page. The text is presented in the form of a list of selected text elements, each of which is presented as a paragraph, a sentence, or a list of sentences. Each of these elements is presented as a separate line item in the document.""

http://www.text-gen.org/

""The text generation system uses a text-generating engine to generate new text. The text is then embedded in an HTML document, which is then displayed on a web page. The text is presented in the form of a list of selected text elements, each of which is presented as a paragraph, a sentence, or a list of sentences. Each of these elements is presented as a separate line item in the document.""

http://www.text-gen.org/

""The text generation system uses a text-generating engine to generate new text. The text is then embedded in an HTML document, which is then displayed on a web page. The text is presented in the form of a list of selected text elements, each of which is presented as a paragraph, a sentence, or a list of sentences. Each of these elements is presented as a separate line item in the document.""

http://www.text-gen.org/

""The text generation system uses a text-generating engine to generate new",base,openai-community/gpt2-medium
GPT2LMHeadModel,4,,0,1.4,1.6,27392946176,27407835136,49.426467180252075,0,Solve 24 = 1601*c - 1605*c for c.\n,-6,"text-generation-toolkit.html

http://www.pinterest.com/pin/146080362034187513/

http://www.google.co.uk/search?q=haystack+generator&ie=UTF-8&source=lnms

http://www.cogent.org/wiki/Determine_Type_of_File_to_Generate_in_Java

http://docs.oracle.com/javase/9.0/docs/com/javase/12/en/generator.html

http://www.sourceforge.net/projects/generate-javaceer/

http://www.gcc.gnu.org/cplusplus/

http://www.gcc.gnu.org/c++/5/g++/5/include/generate.h

http://www.jemalloc.org/

http://www.python.org/

http://www.python-dev.org/

http://www.python-source.org/

http://www.python-info.org/

http://www.python.org/trac/

http://www.python-info.org/trac/html/

http://www.python.org/trac/html/python-info.html

http://www.python-info.org/trac/html/python-docbook.html

http://www.python.org/trac/html/python-docbook.html#gensubscribe

http://www.python-info.org/trac/html/python-docbook.html#stub

http://www.python-info.org/trac/html/python-docbook.html#show

http://www.python-info.org/trac/html/python-docbook.html#get

http://www.python-info.org/trac/html/python-docbook.html#getlist

http://www.python.org/trac/html/python-docbook.html#gettext

http://www.python-info.org/trac/html/python-docbook.html#getsubscribe

http://www.python",base,openai-community/gpt2-medium
GPT2LMHeadModel,4,,1,0.0,1.7,27408351232,26931601408,46.12989282608032,0,Solve 657 = -220*t + 1086*t + 22307 for t.\n,-25,"text-generation, which means that you can choose to have your text generated with a single font, or with multiple fonts.

The following table shows the font names used in the project.

Font Name Description font-family-name text-transform-name font-family text-transform-name font-weight text-weight

This font is used for the ""text-transform"" property.

If you are using a different font, you can specify the name of the font in the project.

The following table shows the font names used in the project.

Font Name Description font-family-name text-transform-name text-transform-weight text-weight font-family text-transform-weight

This font is used for the ""text-transform"" property.

If you are using a different font, you can specify the name of the font in the project.

The following table shows the font names used in the project.

Font Name Description font-family-name text-transform-name text-transform-weight text-weight font-family text-transform-weight font-weight

This font is used for the ""text-transform"" property.

If you are using a different font, you can specify the name of the font in the project.

The following table shows the font names used in the project.

Font Name Description font-family-name text-transform-name text-transform-weight text-weight font-family text-transform-weight font-weight

This font is used for the ""text-transform"" property.

If you are using a different font, you can specify the name of the font in the project.

The following table shows the font names used in the project.

Font Name Description font-family-name text-transform-name text-transform-weight text-weight font-family text-transform-weight font-weight

The following table shows the font names used in the project.

Font Name Description font-family-name text-transform-name text-transform-weight text-weight font-family text-transform-weight font-weight

The following table shows the font names used in the project.

Font Name Description font-family-name text-transform-name text-transform-weight text-weight font-family text-transform-weight font-weight

The following table shows the font names used in the project.",base,openai-community/gpt2-medium
GPT2LMHeadModel,4,,2,0.0,1.6,26931085312,26927681536,45.91075277328491,0,Solve -11*y - 263*y + 3162 = -88*y for y.\n,17,"text-generation/html/index.html#image-3044

* A lot of people were asking me about the old image that was posted from the forums. I decided to make this image for the site.

* http://www.matt-gumpert.com/

* http://www.facebook.com/matt-gumpert

* http://www.twitter.com/matt-gumpert

* http://www.instagram.com/matt-gumpert

* http://www.youtube.com/matt-gumpert

* http://www.instagram.com/gumpert.jpg

* http://www.youtube.com/user/matt-gumpert

* http://www.linkedin.com/in/matt-gumpert/

* http://www.myspace.com/matt-gumpert

* http://www.instagram.com/matt-gumpert/

* http://www.linkedin.com/in/matt-gumpert/

* http://www.facebook.com/matt-gumpert

* http://www.twitter.com/matt-gumpert

* http://www.instagram.com/matt-gumpert/

* http://www.linkedin.com/in/matt-gumpert/

* http://www.myspace.com/matt-gumpert

* http://www.instagram.com/matt-gumpert/

* http://www.linkedin.com/in/matt-gumpert/

* http://www.google.com/

* http://www.linkedin.com/in/matt-gumpert

* http://www.youtube.com/user/matt-gumpert

* http://www.youtube.com/user/matt-gumpert/

* http://www.twitter.com/matt-gumpert

* http://www.instagram.com/matt-gumpert/

* http://www.linkedin.com/in/matt-gumpert/

* http://www.google.com/",base,openai-community/gpt2-medium
GPT2LMHeadModel,8,,0,2.6,3.0,26925617152,26918612992,53.12310862541199,0,Solve 24 = 1601*c - 1605*c for c.\n,-6,"text-generation-options': { 'text-transform': 'uppercase', 'text-transform-origin': 'top', 'text-transform-size': '14px', 'text-transform-font-size': '15px', 'text-transform-border-radius': '5px', 'text-transform-border': '1px solid black', 'text-transform-font-family': 'Times New Roman', 'text-transform-font-size': '14px', 'text-transform-line-height': '18px', 'text-transform-punctuation': '!', 'text-transform-uppercase': '!', 'text-transform-italic': '!', 'text-transform-underline': '!', 'text-transform-underline-stroke': '!' } }

Note: The default font size is 13px.

Step 4: Add a custom font to the CSS

Now that we have a set of fonts in place, we need to add the custom font to the CSS. This can be done with a simple CSS rule.

.new-header { font-family: 'Times New Roman', Times New Roman; font-size: 13px; padding: 3px 0px; }

Step 5: Add a font-face

After adding the custom font, we will need to add the font-face, which will be displayed on the header. It should look like this:

.new-header { font-family: 'Times New Roman', Times New Roman; font-size: 13px; font-family: Arial, sans-serif; font-weight: bold; font-style: normal; }

Step 6: Add a custom background

Now that we have a font in place, we will need to add a custom background to the header. The default background for the header is shown in the image below, but we can also add our own custom background.

Step 7: Add an image

We will need to add a custom image to the header. The image for this example is the image from our WordPress theme.

Step 8: Change the background color

To change the background color of the header, we will need to change the background color of the image. To change the background color of the image, we will need to change the background color property of the image.

We will need to change",base,openai-community/gpt2-medium
GPT2LMHeadModel,8,,1,5.6,3.1,26918612992,26926952448,41.40328311920166,0,Solve 657 = -220*t + 1086*t + 22307 for t.\n,-25,"text-generation, but you could use a text-to-speech engine like Speex to handle it, too.

One of the more useful features of the Windows Phone 8.1 operating system is its native Windows Phone 8.1 app store, which is designed to let you download apps from a variety of different sources and install them on your device. While we don't yet know if this means that the Microsoft Store will be able to handle all the apps you might want to install on your phone, it's a welcome addition to the Windows Phone 8.1 ecosystem.

Microsoft Store integration is likely to be a key part of the Windows Phone 8.1 operating system, as it is with Windows Phone 7.

The Microsoft Store on Windows Phone 8.1 is similar to the store on Windows Phone 7. However, it's made to look like a Windows Phone Store by default, with its default tile design and overall design that's similar to Windows Phone 8.1.

The Microsoft Store has been around since Windows Phone 8.0. It was originally designed to be a direct link to the Windows Phone Store, so you don't have to worry about trying to download apps from another device. It's been around for a few years now, and is still in its infancy.

The Windows Phone Store's design is similar to the Windows Phone 8.0 store, which has been around for a few years now.

When you're using the Windows Phone Store on your phone, the app's tiles are grouped into categories, each of which has a different layout. When you tap on one of those categories, the Windows Phone Store app opens up to display the app in that category. The Windows Phone Store app also displays a list of the apps you've downloaded, and you can also tap on the app you want to install and it'll open up to install the app as well.

The Windows Phone Store on Windows Phone 8.1 can be downloaded from the Windows Phone Store website.

While the Microsoft Store on Windows Phone 8.1 is currently available for free download, the app will be going free with Windows Phone 8.1, and a Windows Phone 8.1 version will be available when the update is released in November.",base,openai-community/gpt2-medium
GPT2LMHeadModel,8,,2,1.2,3.0,26928500736,26923040768,46.022456884384155,0,Solve -11*y - 263*y + 3162 = -88*y for y.\n,17,"text-generation-tools.com/html/index.html#samples

I have several of these on my computer. I am not sure if I should tell you about them. I think you will find them useful and interesting.

I have a couple of them on my Macbook Pro. I am not sure if I should tell you about them. I think you will find them useful and interesting.

I have an AppleScript file on my computer. I have no idea where it is and it is not clear if it should be included or not.

I have a C# file on my computer. I have no idea where it is and it is not clear if it should be included or not.

I have a JSON file on my computer. I have no idea where it is and it is not clear if it should be included or not.

I have a C++ file on my computer. I have no idea where it is and it is not clear if it should be included or not.

I have a text file on my Macbook Pro. I have no idea where it is and it is not clear if it should be included or not.

I have an SQL file on my computer. I have no idea where it is and it is not clear if it should be included or not.

I have a C++ class file on my Macbook Pro. I have no idea where it is and it is not clear if it should be included or not.

I have a C# class file on my Macbook Pro. I have no idea where it is and it is not clear if it should be included or not.

I have a Javascript file on my Macbook Pro. I have no idea where it is and it is not clear if it should be included or not.

I have a JavaScript file on my Macbook Pro. I have no idea where it is and it is not clear if it should be included or not.

I have a C# class file on my Macbook Pro. I have no idea where it is and it is not clear if it should be included or not.

I have a C++ class file on my Macbook Pro. I have no idea where it is and it is not clear if it should be included or not.

I have a JSON file on my Macbook Pro. I have no idea where it is and it is not clear if it should be included or not.",base,openai-community/gpt2-medium
GPT2LMHeadModel,1,,0,0.5,0.5,26127781888,26111930368,17.795719861984253,0,Solve 24 = 1601*c - 1605*c for c.\n,-6,"text-generation

H/T: A. I. Aukerman, B. G. E. Hoh, Geog. & T.

V. (. (C. S.)

I.
] (--:,-,-,-,-,-,-)---,-,,-)-,
._in.

A/I.
;,,.
.
B/.
(
-,-,-,-,-.
-(
---

-,-,-,-.

""The, the to, a, the the the and the to and the to a
"" a, the, the, the, the, the, the, the
(
<
%
—,-,-,-,-(,-)-(,-.-(,-)-(,-)-(
 -,-,-(,-)-(,-)-(,-)-(,-)-(,-)-(,-)-(,-)-(,
"" the. the, the, the"" a, the the the the a the the the, the the the the the a the the the the the the
*
(
<
/1>
(

-,-(,-)-(,-)-(,-)-(,-.-(,-)-(,-)-(,-(,-)-(,-(,-)-( (-,-)-(,-)-(,-)-(,

"" the. the, the"" a, the the the the,

(
-,-(,-)-(,-.-(,-.-(,-.-(,-.-(,-)-(,-,-)-(,
"" the. the, the, the"" a the, the the the the the the the
…

(
"" the. the, the"" a, the the the the, the the the the the
, the

(

-,-(,-)-(,-.-(,,-(,-,-)-(,-)-(,-(,-,-)-(,-(,-,-)-(,

"" the. the, the, the"" a the the, the the the the the,

(
[/|
—,-(,-)-(,-.-(,)-(,)-(,-)-(,-(,-)-(,-,-(,-,-)-(,
"" the. the, the. the"" a the the, the",quantized,openai-community/gpt2
GPT2LMHeadModel,1,,1,0.0,0.5,26111930368,25761247232,16.609387636184692,0,Solve 657 = -220*t + 1086*t + 22307 for t.\n,-25,"text-generation in a new, the ""Aeons"" and by the 'c' in the ""fascinating-wacom-a"" to be-pap---s. (-. for. the-rein-on '- of. and.
... and in the-fascinating-waci-/- in the-cis-and. a-and.
2. that as a the-a. for, and a-in-a. and. and. and. a-l-l. a-m. and. and. and. a-c.', in the-h-a-m. one. in the-h-en-ed. one. "" the-a"" and.
3. at. and. a- (-. and. a-, in--en-ed. one. in-en-e-n-/-in-en--, in-to-en-. in-to-en-l-e-on-fascinating-wacom-a. one.
n. a-. the-a. the-a. a--h. a--k-, a-h--.
p. as a- on, and. as a-c' on. a--l-a. and. a-c'-l-a. and. a-j. and. a-, in-to—e-a. in-to-en-l-e-on-fascinating"" wacom-a. one.

-. and. a-, in the-a. for, and. a, in-to—e-a-, in|en-l-e-on-fascrinking-wacom-a. one, in-to—e-a-, in-to—e-a-, in-to—e-a-, in-to--e-a-, in-to--e-a, in-to--e-a-, in-to--e—e-a-, in-to--e-a-, in-to--e-a-, in-to--e, in-to--e-a-, in-to--e, in-to--e, in|en-l-e, in-to",quantized,openai-community/gpt2
GPT2LMHeadModel,1,,2,0.0,0.8,25761247232,25760972800,16.505237817764282,0,Solve -11*y - 263*y + 3162 = -88*y for y.\n,17,"text-generation-on-in-pagoda-t-8-a-0-d,l--A.e2-7.nz.html,
""h"" : ""Ginger-H-T/4-l-A"", ""n"":, """" : ""Pink-C--4-P"", """"+n:i:z\ n : GEM N. C. -H, the. (f. 3s. and. the, and the, and the ((
"", and"", and"", and"" of- a-g, and""(, the (in (
""

The (s. a -. and""). the,

"", (a-,
"" "".
(n- a- the, (in ("" (
—, and""

-. the, and""( (m-, and""
"", (- and(- the"", and""and,""

""

""(. and""(and (- and (t- the, and""
"", and ""( and"", and""(, and""
- and(—"", and""(, and(to-
—"", and""(. and""( (/ and— and(- and(, and""

"", and""(. and ""( and,"" and""(and""(, and""

""(n- and(), and""(, and""(, and""( and(t-
"", and(w- and(, and(, and-

""( and""(n- and(, and""(t- the, and(t-
"", and(/and(t-
(and(t-the, and(t-the, and(t-the, and(t-
"", and(t-the, and(t"",, and(t-the, and(t-the, and(t[:- the, and(t-the, and(t-the, and(t-the, and(t-the, and(t-the, and(t-the, and(t-the, and(t>-the, and(t-the, and(t-the, and(t-the, and(t-the, and(t-the, and(t-the, and(t-the, and(t>-the,",quantized,openai-community/gpt2
GPT2LMHeadModel,2,,0,0.0,0.8,25760976896,25760931840,15.261082410812378,0,Solve 24 = 1601*c - 1605*c for c.\n,-6,"text-generation-a-cls, ""n:cmath-bounce""; classmethod= ""math.randn""; pb=array(5, [,--1,,--16,-2,-11,-26,-158,-118,1,0,-301]); all_elements=(1, and 0); this.y.blur_a = '0'; invert_i2c=new ImageJson(new ImageJson(5, 0, (dinput__i2c) + (dinput_i2events),
""f""; for(i = 1; i < (dinput_i2events.dst_cx) + 5; i++) { the_elements[i] = the_e://_f.dst_cxx.t.
"","".
...l.n.l"": invert_i2c(i); to_elements.invert_i2c(this.y.blic_cx_i2c); inthrottle_cx=invert_i19c(the_elements[i]); the_e10cx=inthroave_cx; invert_i0c=outvert_i8c(the://_f.dbay_cxx.t.

"", this.y.blic_cx_i2results.invert_i5cx, outverti_i1c=outfifc_cx); the_e10cx_i2c.outthrottle_cx=outthrottle_cx; this.y.flat_a=invert_i23c(this.y.flat_a); inthrottle_cx=in
---end loop---
- #S2: A list of to-dos, a to-read, and to-moves, per-head, inline, to-nth, (-/f/, to-r/, and to-.b--n/-,
-/:.in-n/:- to-n/, in-e/:- to-e/
-/-e1/:- to-e1/:- to-a/:- to-h/
-/-x/:- toko/:",quantized,openai-community/gpt2
GPT2LMHeadModel,2,,1,0.0,0.9,25760931840,25751707648,15.233248710632324,0,Solve 657 = -220*t + 1086*t + 22307 for t.\n,-25,"text-generation-1.2.17-1.9.jar) UCHIJAAAA Mekanism{1.70-dev-5a926-9.b0-abc443.zip] Unloaded->Constructed->Pre-initialized->InitializedLoader{0.49.c-r7_1.7.3}->DownloadKnownClientCfg{2"":""r7_1.7.3"",""BETA"":""1.7.3""}, FML{5.47.4.a810}->Available ForgeRelocation{1>=0.2.8.c6}->Available MFR Compat Forestry Trees{1.17.2.9.1}://mods://r70-r7-7.2.-r6.b1-9.b3--7.p-1.6.r-5.1.i.b.a.p.2.n.a.r.a.r.b.a.r.f.i.b.i.i.s.b.s.c.i.c.i.e. aa.g.

{0.1} [Mekanism] (Mekanism-1.7-2|1(1.11.12)})

{1.1} - [ChickenChunks]|classpath(unknown)
…
— Initialize all the blocks within the 4/20/14/0.3 block in the MFTagLoader class.
""Particles"" does not exist in the OpenMods and MineFactoryReloaded data
 — Loading ""Particles"" in ""OpenBlocks"" will not preserve the missing data
""SeederRecipe"" does.
""SeederRecipe"" in ""OpenMods"" can overwrite the ""Particles"" data
""IWG_Themes"" has the
> [<cols:6>]
""The.IWG_SeederRecipeCompatibilityCompatibilityCompatibilityCompatPlugin[SeederRecipeCompatibilityCompactor]:maven-0.1.i7-1.7.4""}
.
Indeed it and, exactly as poised to assume the only biological, in-sand-seeds-d-nasm (-f-a-,.a-a-,a-i--p-b)
""NA_TribalAffinityAchievements""",quantized,openai-community/gpt2
GPT2LMHeadModel,2,,2,0.0,0.9,25751707648,25756880896,15.196528673171997,0,Solve -11*y - 263*y + 3162 = -88*y for y.\n,17,"text-generation;width:100%;background:url(%%screenshot%%) no-repeat;text-decoration:none;}
¶
(1)

The UML for other.
[C1]
— in the DAW, that, or the Biz, the. The in the Dadvertising, that://l-e--c-2.
[-d+-3. the (and, and and in (C:. the a "", (, and, and and in, the I, the-, the is, the to, etc.) in, the, etc. and in (C:. the, and, and, and the, the, the in, the, the
t. ""is, the to, etc.) in, etc. ""- and in (C:, and, and in, the, the and, the, the and, the, the-, the, the and the-, the. (C:. the, in, the-, the-, the-, the, the-, the-, the-, the-, the-, the-, the-, the-, the-, the-, the,

and (C, the-, the-, the-, the-/. and the-, the-, the, the-, the, the-, the-, the (C:. the-, the, the. and, the- and, the-, the-, the-, the-, the-, the-, the-, the-, the-, the-, the-, the-, the, the, the-, the-, the-, the-, the, the-, the, the-, the
''. the-, the-, the-, the-, the-, the-, the, the-, the in, the-, the-, the-, the-.

""The-, the-, the-, the-, the-, the-, the-, the-, the-, the-, the-, in, the-, the the-, the' the-, the-- and the-, the. (C:. the, in-, in-, the, in, the-, the-, the, the-, the-, the-, the-, the-",quantized,openai-community/gpt2
GPT2LMHeadModel,4,,0,2.3,1.6,25756880896,25763962880,15.621379137039185,0,Solve 24 = 1601*c - 1605*c for c.\n,-6,"text-generation-and-pagination-in-kistad-in-rudvink.jpg

- the G-s-I, a (The Internet [a work of art that calls itself a theorems and is, of the Internet, in the, a work://w0ms.d-c.ac.mx) in The Internet, a (a ""The Internet "", "", and "", in that and, the, the, the
"",
— an- of ""is, in that, the, and, the in, and""), the S (a ""in- the
"" to and"") a.
""a, the, in that, the, in,"" (c. the the ""
and,"" in

a. the,

is, in that, the in,"" in, in that,

the in,"" the and the, the in,"" the and, the in,"" the and the in,"" the in,"" the and the in,"" the in,"" the in,"" the in,"" the
"" in,"" the in,"" the in,"" the in,"" the in,"" the in,"" the a.

The-
. the. in,"" the in,"" the in,"" the in, in,"" the in, in, in, in,"" the in, in, in, in, in a.
 — in, a

-
. in,"" the in, the in, in, in, in, in, in, in, in, in, in, in, in, in,"" the in, a.
'', a. the in,"" the the, in, the in, in, in, in (- the,"" the in,"" the in, the in, in, in, in, in,"" the in, a.
(. in, a
""
.
'', a. the in, the in.

'', a, the in, the in, the in, the in, in.
--

(.
-
', a
--, a
—, a
"",
""

A B C D E F G H I J K L M N O Q R T U V W X Y Z
~, a. the, a, a.
-

i
--, a. the. a. the. a, a.
"", a. the. the.",quantized,openai-community/gpt2
GPT2LMHeadModel,4,,1,0.0,1.6,25763962880,25759809536,15.345646858215332,0,Solve 657 = -220*t + 1086*t + 22307 for t.\n,-25,"text-generation"" ""1"" } }, { ""catentry_id"" : ""102425147"", ""channelAvailability""): ""BuyableInstoreAndOnline"", ""inventoryQuantity""

[24] ""15.0"", 0.0, 3355.8.
— CRSM Staff. [B2]
.
""N.C. The N.C. The N"" (The, ""C"", ""The, ""is, "" in "","" in, ""is, ""in"", ""is"", ""is, and ""is, and ""is, and ""is, and ""is, and ""is, and, and ""is, and ""is, and ""is and, and ""is, and ""is, )
…

It's by the, '2. the and "". the, in, "". the, and "". the, in, "":, in, "" in, "", and "". the, in, "" in, the, in, "", and, the in, the, in, the, in, the, in ( the, the, in, the, in, the, in, "", in, the, in, the, in, the, in, the, in, the, in the, the, the, in, the, the, the, the, in, the, the, in ( the, the, and the, in, the, the, the, in, the, in ( the, the, and enough, in ( the, and the, the, and the, in, the, the, in, the in, in, the, the, in ( the, and the, in, the, the, the, in, the in, the in ( the, and the, since, the, the, since, the, since, the, since, the, the, since, the, the, the, the, the, the, the, the, the, the, the, the, the, the, the, the, the, the, the, the, the,, the, the, the, the, the, and the, in, the, the ( in, and the, the, the, and in, the (, the, and, the, the, in, the, the, the, and in, the, the ( in; and the, and the, and the, the, in, the ( the, and the",quantized,openai-community/gpt2
GPT2LMHeadModel,4,,2,2.2,1.6,25759809536,25757429760,15.117215156555176,0,Solve -11*y - 263*y + 3162 = -88*y for y.\n,17,"text-generation, in:
""The Ingestion of PN and WSE, the (I. thea-a. (e. thes. (. with a. ', and the ""n. the. thea-.-at,
n. the-. and the- and the (2. thea-n. thea-,
in. thea-n. thea-n. and the-
the-a. (, and thea-n. thea-n. and the-
the-a. (2. thea[',
thea-n. the-a. and the-
then. thea-n. and then. the-
thea-.

""

-. thea-n. Thea-.

[S818]
— "", a'y thea-. (, thea-n. the-a. and
""
(. thea. thea-n. the, thea. in thea-n. the
… and then. in thea-n. thea-n. and the-
. thea-. (a-n, then. then. and
""
""
. thea-. thea-. and then. thea-n. and thea-n.
. Thea-. thea-. and then- thea-n. and the-
""
""thea-. thea-. and then-thea-.
""

and then. in then. the,
—
""thea-. and then. thea-n. and thea-n-

thea-. (a-n, then-thea-. and-
""
>

(1. thea-. thea-. and-
""thea-n. and the-
""thea-n. and thea, thea, thea-n.

""and thea-n-thea-. (a-n,
(a-n, then-. thea-. and-

""the. thea-. thea-. and-
:
[i. thea-n. thea-n. and-
]
""thea-. thea-n-thea-
""
(1. thea-.",quantized,openai-community/gpt2
GPT2LMHeadModel,8,,0,1.8,3.5,25757429760,25770053632,18.09402632713318,0,Solve 24 = 1601*c - 1605*c for c.\n,-6,"text-generation, from the ""solution"" in the current, in-between of on-net-b.
""
"" the, and the, (in-between of on-net-b. "" "" and "" on-net-b. ""
(the "" from the "" (with-solution) the, "" (the "" (indraws-a-l. "" and ""draws-b.—a-l. "" and ""a-l. "" "" "" and ""a-l. "" ) "" "" and "" ""and "" "" and ""
p. the "" and "" "" and "" "" and "" "" "" and "" and "" "" and "" "" and "" "" and "" "" and "" "" and "" "" and "" and "" and "" "" and "" "" and "" and, (p. (an "" with-sessions), (the "" with-sessions ) (the "" withfolds-a-l.
f. to-and-for-a-l. the "" with-sessions "", and "" with-sessions ) (the "" withfolds-a-l.
- the "" with-sessions "", and "" with-susercontent-b.
- the "" withfolds-a.
2. a-z, as, at the, in-between of, in-between of, in-between of on-net-b. and "" the "" and "" on-net-b. ""
' - and a-z (m. a-z, the "" and, the "" and "" and "", a-z (e-n) "", and, e-n ) "" (, and, a-z (/,- in ) "" (
1. a-c, and the "" and, and "" and "" and "", a""a (n-a) "", and, a (in-n-a ) ""

(n-a), and, a (in-n-a ) ""
:, and (, in-n-a ) "", and, (n-a) and, a (out-n-a ) ""
"" and, a ((, and ) "" and, a ((n-a) ""

s. (to- and in-between of, between of, in-between of, in
"" and, "" and "", """,quantized,openai-community/gpt2
GPT2LMHeadModel,8,,1,0.0,3.2,25770053632,25774854144,15.70553207397461,0,Solve 657 = -220*t + 1086*t + 22307 for t.\n,-25,"text-generation in the ""2.10"" (I.e., it is so in the ""2.1"" in the ""2.1"" and in the ""2://.in/4x-in.wak2.
""in-m.b. and a. and a. and and and ""un- and a., the, the and-
2. the, and ""e. the, the and-
2. the, the and the, and the,""
2. the and the and the, and the and-
2://.in/11a-un-b.pj and a. and a. and a. and a. and a. and a. and a. and a. and a. and a. and a. and a
3. a. and a. and a. and a. and a. and a. and a and a and a and
3. and a. and a. and a. and a and a and
3. and a. and, a. and and a. and a. and
3. and a. and a. and a and a. and a. and a. and
3. and a. and a and a and a and
3. and a. and a. and a and a and a and
3. and a
3. and a. and a and a and a and a and
3. and a and a and a and a and
3://.in/in-w.as and a. and a. and. and a. and, a and a. and a.
3. and a and a and a and a and a and
3://.in-d.pj and a(1.a-b. a. and a. and a. and a. and a. and a. and a. and
3. and a. and, a. and a and a. and,
3. and a. and a. and, a and, and a and a and
3. and a. and, a and, and a and a and
3. and a and,
3://.in/10-p.a. in a. and a. and a. and a. and, a and a. and
3. and [1. or ] and a. and a. and, a and a. and a. and
3.",quantized,openai-community/gpt2
GPT2LMHeadModel,8,,2,1.1,3.2,25773821952,25790787584,15.497120380401611,0,Solve -11*y - 263*y + 3162 = -88*y for y.\n,17,"text-generation to the other, and direct the ai to use, only the use is quantified in the as-yet-un-remastered and, specifically, (h.g., of ""in-grudge,, the, the, and, the the, in-universe, to and, to, to and, in-universe, on and the, the and, in-un-unse"" and, as, as the, "" to and and, the and, to and, and, the, and, the in-universe, to and, to and, in-un-unse, the and, to and, in-un"","" "" the, the to and, the, and, in-universe, the and, to and, and in-universe, the and, to and, in... the and, the, and, the. for the. to and, to and, to and, the and, in-un-unse, the and, to and, in-un-unse, the and, to and, in-un-unse, the and, to and, in-un:// (-. and, the to and, to and, the and, in-un-unse, the and, to and, and, in-, the and, to and, in-un-unse, the and, to and, in-un-unse, the and, to and, in-un-unse, the and, to and, in-un-un-unse, the and, to and, in-un-unus, the and, in-un-unus, the. to and, to and, to and, to and, in-un-unus, the and, to and, in-un-unus, the and, to and, in-un-unus:// (n.k.) the and, to and, to and, to and, in-un-unus, the and, to and, inover. to and, to and, to and, to and, in-un-unus, the and, to and, in-un-unus, the and, to and, in-unus, the and, to and, in-un-unus, the and, to and, in-unus, the and, to and, inun-unus, the",quantized,openai-community/gpt2
GPT2LMHeadModel,1,,0,0.6,0.5,26062176256,25901211648,8.458191633224487,0,Solve 24 = 1601*c - 1605*c for c.\n,-6,"text-generation-method>

<key>

<value>

<param name=""hash"" value=""v1"" />

</key>

</text-generation-method>

<script>

<key>

<value>

<param name=""hash"" value=""v2"" />

</key>

</script>

</body>

</html>

</html>

</html>",pruned,openai-community/gpt2
GPT2LMHeadModel,1,,1,0.0,0.5,25901211648,25885892608,40.77624320983887,0,Solve 657 = -220*t + 1086*t + 22307 for t.\n,-25,"text-generation-data-center/

https://www.washingtonpost.com/wp-dyn/content/article/2015/06/14/AR000611_o.html

http://www.theguardian.com/politics/2014/jun/01/washington-post-trump-interview-interview-washington-post-trump-interview-washington-post-trump-interview-washington-post-washington-post-washington-post-washington-post-washington-post-washington-post-washington-post-washington-post-washington-post-washington-post-washington-post-washington-post-washington-post-washington-post-washington-post-washington-post-washington-post-washington-post-washington-post-washington-post-washington-post-washington-post-washington-post-washington-post-washington-post-washington-post-washington-post-washington-post-washington-post-washington-post-washington-post-washington-post-washington-post-washington-post-washington-post-washington-post-washington-post-washington-post-washington-post-washington-post-washington-post-washington-post-washington-post-washington-post-washington-post-washington-post-washington-post-washington-post-washington-post-washington-post-washington-post-washington-post-washington-post-washington-post-washington-post-washington-post-washington-post-washington-post-washington-post-washington-post-washington-post-washington-post-washington-post-washington-post-washington-post-washington-post-washington-post-washington-post-washington-post-washington-post-washington-post-washington-post-washington-post-washington-post-washington-post-washington-post-washington-post-washington-post-washington-post-washington-post-washington-post-washington-post-washington-post-washington-post",pruned,openai-community/gpt2
GPT2LMHeadModel,1,,2,0.0,0.7,25885892608,26149945344,37.78952431678772,0,Solve -11*y - 263*y + 3162 = -88*y for y.\n,17,"text-generation and class-based data models. In the case of the GLSL model, this means that the GLSL model is a simple data model that does not rely on linear models of the GLSL. The GLSL model is a simpler, simpler way to model human behavior.

The most useful aspect of the GLSL model is that it provides a simple, well-structured set of tools that can be used in a variety of scenarios. One example is the GLSL model's ability to automatically generate a simple GLSL model that can be used to create any number of GLSL models.

In other words, the GLSL model can be used to generate any number of GLSL models. This approach allows for many different scenarios to be used to create complex, simple GLSL models.

How does GLSL work?

GLSL models are composed of three basic types:

Structural

The structure of GLSL models is based on the following basic types:

Structural

Structural data is stored in a structured database that is accessible across all GLSL models. This database is often called a model database.

Data is stored in a structured database that is accessible across all GLSL models. This database is often called a model database. Classes are defined by class definitions.

Data is stored in a structured database that is accessible across all GLSL models. This database is often called a model database. Classes are defined by class definitions. Classes are defined by a class.

Data is stored in a structured database that is accessible across all GLSL models. This database is often called a model database. Classes are defined by class definitions. Classes are defined by a class.

Data is stored in a structured database that is accessible across all GLSL models. This database is often called a model database. Classes are defined by class definitions. Classes are defined by a class.

Data is stored in a structured database that is accessible across all GLSL models. This database is often called a model database. Classes are defined by class definitions. Classes are defined by a class.

Data is stored in a structured database that is accessible across all GLSL models. This database is often called a model database. Classes are defined by class definitions. Classes are defined by a class.

Data is stored in a structured database that is accessible across all GLSL models",pruned,openai-community/gpt2
GPT2LMHeadModel,2,,0,1.6,1.0,26149945344,26276823040,26.851731777191162,0,Solve 24 = 1601*c - 1605*c for c.\n,-6,"text-generation"" attribute is used to control whether or not the target element is loaded. This attribute is also used to set the priority of the element.

The following table lists the elements in the current list of child elements.

The first element is the target element and the second is the element in the current list of child elements. The first element is the target element and the second is the element in the current list of child elements. The first element is the target element and the second is the element in the current list of child elements.

The first element is the target element and the second is the element in the current list of child elements. The first element is the target element and the second is the element in the current list of child elements.

The first element is the target element and the second is the element in the current list of child elements. The first element is the target element and the second is the element in the current list of child elements.

The first element is the target element and the second is the element in the current list of child elements. The first element is the target element and the second is the element in the current list of child elements.

The first element is the target element and the second is the element in the current list of child elements. The first element is the target element and the second is the element in the current list of child elements.

The first element is the target element and the second is the element in the current list of child elements. The first element is the target element and the second is the element in the current list of child elements.

The first element is the target element and the second is the element in the current list of child elements. The first element is the target element and the second is the element in the current list of child elements.

The first element is the target element and the second is the element in the current list of child elements. The first element is the target element and the second is the element in the current list of child elements.

The first element is the target element and the second is the element in the current list of child elements. The first element is the target element and the second is the element in the current list of child elements.

The first element is the target element and the second is the element in the current list of child elements. The first element is the target element and the second is the element in the current list of child elements.

The first element is the",pruned,openai-community/gpt2
GPT2LMHeadModel,2,,1,2.1,1.0,26276823040,26740252672,26.763476848602295,0,Solve 657 = -220*t + 1086*t + 22307 for t.\n,-25,text-generation-1.0.0.jar) UCHIJAAAA ForgeMicroblock{1.0.0.13} [Forge Microblocks] (ForgeMultipart-1.6.4-1.0.0.13-universal.jar) UCHIJAAAA ForgeWaila{1.0.0.13} [Forge Waila] (ForgeMultipart-1.6.4-1.0.0.13-universal.jar) UCHIJAAAA BuildCraft|Builders{4.0.3} [BC Builders] (buildcraft-A-1.6.4-4.0.3-snapshot.jar) UCHIJAAAA CodeChickenCore{0.5.0} [CodeChicken Core] (minecraft.jar) UCHIJAAAA CodeChickenLib{0.5.0} [CodeChicken Lib] (minecraft.jar) UCHIJAAAA BuildCraft|Energy{4.0.3} [BC Energy] (buildcraft-A-1.6.4-4.0.3-snapshot.jar) UCHIJAAAA BuildCraft|Factory{4.0.3} [BC Factory] (buildcraft-A-1.6.4-4.0.3-snapshot.jar) UCHIJAAAA BuildCraft|Transport{4.0.3} [BC Transport] (buildcraft-A-1.6.4-4.0.3-snapshot.jar) UCHIJAAAA BuildCraft|Silicon{4.0.3} [BC Silicon] (buildcraft-A-1.6.4-4.0.3-snapshot.jar) UCHIJAAAA BuildCraft|Factory{4.0.3} [BC Factory] (buildcraft-A-1.6.4-4.0.3-snapshot.jar) UCHIJAAAA BuildCraft|Compat{4.0.3} [BuildCraft Compat] (buildcraft-A-1.6.4-4.0.3-snapshot.jar) UCHIJAAAA BuildCraft|CompatAddons{4.0.3} [BuildCraft Compat Addons] (buildcraft-A-1.6.4-4.0.3-snapshot.jar) UCHIJAAAA BuildCraft|CompatDeals{4.0.3} [BuildCraft Compat Deals] (buildcraft-A-1.6.4-4.0.3-,pruned,openai-community/gpt2
GPT2LMHeadModel,2,,2,0.0,0.8,26740252672,26747285504,26.672773361206055,0,Solve -11*y - 263*y + 3162 = -88*y for y.\n,17,"text-generation> <col-sm-1> <h1>The last time you were out of town.</h1> <p>From your first date with me</p> <p>You were a fun, kind, kind, kind person.</p> <p>You were always smiling when you walked in the door.</p> <p>You always seemed to have the best of you.</p> <p>You always had a smile on your face.</p> <p>You always wanted to have fun.</p> </div> </div> </div> </div> </div> </div> </div> </div> <div class=""separator-wrapper""> <div class=""separator-content""> <div class=""separator-header""> <div class=""separator-header-text-generation"" data-toggle=""on""></div> <div class=""separator-header-text-generation-text""> <div class=""separator-header-text-generation-text-generation"" data-toggle=""on""></div> <div class=""separator-header-text-generation-text-generation-text-generation-text-generation-text-generation"" data-toggle=""off""></div> <div class=""separator-header-text-generation-text-generation-text-generation-text-generation-text-generation-text-generation"" data-toggle=""off""></div> </div> <div class=""separator-header-text-generation-text-generation-text-generation-text-generation-text-generation"" data-toggle=""off""></div> <div class=""separator-header-text-generation-text-generation-text-generation-text-generation-text-generation"" data-toggle=""off""></div> <div class=""separator-header-text-generation-text-generation-text-generation-text-generation-text-generation"" data-toggle=""off""></div> </div> </div> </div> </div> </div> </div> </div> </div> </div> </div> </div> </div> </div> </div> </div> </div> </div> </div> <div class=""separator-wrapper""> <div class=""separator-content""> <div class=""separator-header""> <div class=""separator-header-text-generation",pruned,openai-community/gpt2
GPT2LMHeadModel,4,,0,1.4,1.5,26747285504,26745540608,25.161892890930176,0,Solve 24 = 1601*c - 1605*c for c.\n,-6,"text-generation-manager.js"" > < / script >

// Create and modify the generated output

var output = new Output ();

var output-data = {

name : "" "",

value : "" "",

src_name : "" src "",

src_name_dir : "" src "",

dest_name : "" dest "",

dest_name_dir : "" dest_dir "",

dest_name_size : 10,

src_name : "" src_name "",

src_name_size_min : 0,

src_name : "" src_name_min "",

src_name_size_max : 0,

src_name : "" src_name_max "",

src_name_size : 50,

src_name : "" src_name_size "",

src_name_size_min : 0,

src_name : "" src_name_size_min "",

src_name_size_max : 0,

src_name : "" src_name_size_max "",

src_name_size_size : 50,

src_name : "" src_name_size "",

src_name_size_min : 0,

src_name : "" src_name_size_min "",

src_name_size_max : 0,

src_name : "" src_name_size "",

src_name_size_size : 50,

src_name : "" src_name_size "",

src_name_size_size : 50,

src_name : "" src_name_size "",

src_name_size_min : 0,

src_name : "" src_name_size_min "",

src_name_size_max : 0,

src_name : "" src_name_size_max "",

src_name_size_size : 50,

src_name : "" src_name_size "",

src_name_size_size : 50,

src_name : "" src_name_size "",

src_name_size_size : 50,

src_name : "" src_name_",pruned,openai-community/gpt2
GPT2LMHeadModel,4,,1,2.2,1.7,26745540608,26753413120,25.323700428009033,0,Solve 657 = -220*t + 1086*t + 22307 for t.\n,-25,"text-generation-type=rss; charset=UTF-8; charset-family=US; language=us-ascii; xmlns=3D""http://www.w3.org/2001/XMLSchema-instance-3D"" xmlns=3D""http://www.w3.org/1999/XMLSchema-instance-3D"" xmlns=3D""http://www.w3.org/1999/XMLSchema-instance-4"" xmlns=3D""http://www.w3.org/1999/XMLSchema-instance-5"" xmlns=3D""http://www.w3.org/1999/XMLSchema-instance-6"" xmlns=3D""http://www.w3.org/1999/XMLSchema-instance-7"" xmlns=3D""http://www.w3.org/1999/XMLSchema-instance-8"" xmlns=3D""http://www.w3.org/1999/XMLSchema-instance-9"" xmlns=3D""http://www.w3.org/1999/XMLSchema-instance-10"" xmlns=3D""http://www.w3.org/1999/XMLSchema-instance-11"" xmlns=3D""http://www.w3.org/1999/XMLSchema-instance-12"" xmlns=3D""http://www.w3.org/1999/XMLSchema-instance-13"" xmlns=3D""http://www.w3.org/1999/XMLSchema-instance-14"" xmlns=3D""http://www.w3.org/1999/XMLSchema-instance-15"" xmlns=3D""http://www.w3.org/1999/XMLSchema-instance-16"" xmlns=3D""http://www.w3.org/1999/XMLSchema-instance-17"" xmlns=3D""http://www.w3.org/1999/XMLSchema-instance-18"" xmlns=3D""http://www.w3.org/1999/XMLSchema-instance-19"" xmlns=3D""http://www.w3.org/",pruned,openai-community/gpt2
GPT2LMHeadModel,4,,2,2.3,1.5,26753413120,26758590464,25.39058518409729,0,Solve -11*y - 263*y + 3162 = -88*y for y.\n,17,"text-generation

<img src=""//www.pinterest.com/pin/3328124468683545/href?ref=https%3A%2F%2Fwww.pinterest.com%2Fpin%2F3328124468683545%2Fstyle%2F1%2F1.0%3A%2F2Fwww.pinterest.com%2Fpin%2F3328124468683545%2Fstyle%2F0%3A%2Fwww.pinterest.com%2Fpin%2F3328124468683545%2Fstyle%2F1%2F1.0%3A%2Fwww.pinterest.com%2Fpin%2F3328124468683545%2Fstyle%2F2%2F1.0%3A%2Fwww.pinterest.com%2Fpin%2F3328124468683545%2Fstyle%2F3%2F0%3A%2Fwww.pinterest.com%2Fpin%2F3328124468683545%2Fstyle%3%2F0%3A%2Fwww.pinterest.com%2Fpin%3%2F3328124468683545%3%3%3%3%3%3%2%3%2%3%3%2%2%3%3%2%3%3%2%2%3%3%3%2%3%3%2%2%3%2%3%2%2%3%3%2%2%3%3%3%2%2%3%2%2%3%2%2%3%2%2%3%2%2%2%3%2%2%3%2%2%3%2%2%3%2%2%3%2%2%3%2%2%3%2%2%3%2%2%3%2%2%3%2%2%3%2%2%3%2%2%3%2%2%3%2%2%3%2%2%3%2%2%3%2%2%3",pruned,openai-community/gpt2
GPT2LMHeadModel,8,,0,0.7,2.8,26758590464,26760929280,24.412371158599854,0,Solve 24 = 1601*c - 1605*c for c.\n,-6,"text-generation-id=1

Note that the data is provided in a format that does not support binary files. For example, the following is a binary file that contains the data in ""Data: fileName"", ""File: fileName.txt"", and ""Data: fileName.csv"", and then it is compressed and stored in the local memory of the device. The data is compressed in the ""Data: fileName.txt"" format, and stored in the local memory of the device.

Note that the data is provided in a format that does not support binary files. For example, the following is a binary file that contains the data in ""Data: fileName"", ""File: fileName.txt"", and then it is compressed and stored in the local memory of the device. The data is compressed in the ""Data: fileName.txt"" format, and stored in the local memory of the device. ""Data: fileName.txt"" is the full name of the file, and is compressed. The data is stored in the local memory of the device.

The following format is used to support the data type of a device. For example, ""Data: fileName.txt"" is compressed in the ""Data: fileName.txt"" format, and stored in the local memory of the device. The data type of the device is ""Text: "".

Note that the data is provided in a format that does not support binary files. For example, the following is a binary file that contains the data in ""Data: fileName"", ""File: fileName.txt"", and then it is compressed and stored in the local memory of the device. The data is compressed in the ""Data: fileName.txt"" format, and stored in the local memory of the device. ""Data: fileName.txt"" is the full name of the file, and is compressed. The data is stored in the local memory of the device.

Note that the data is provided in a format that does not support binary files. For example, the following is a binary file that contains the data in ""Data: fileName"", ""File: fileName.txt"", and then it is compressed and stored in the local memory of the device. The data is compressed in the ""Data: fileName.txt"" format, and stored in the local memory of the device. ""Data: fileName.txt"" is the full name of the file, and is compressed. The data is stored in",pruned,openai-community/gpt2
GPT2LMHeadModel,8,,1,8.7,2.8,26760929280,26819026944,24.298667669296265,0,Solve 657 = -220*t + 1086*t + 22307 for t.\n,-25,"text-generation-classifier.css"" > < div class = ""child-item-group"" > < div class = ""child-item-group-icon"" > < a href = ""https://www.reddit.com/r/The_Donald/comments/4s8gj3/im_going_to_get_all_my_reddit_comments/4s8gj3/i_got_all_my_reddit_comments/4s8gj3/i_got_all_my_reddit_comments/4s8gj3/i_got_all_my_reddit_comments/4s8gj3/i_got_all_my_reddit_comments/4s8gj3/i_got_all_my_reddit_comments/4s8gj3/i_got_all_my_reddit_comments/4s8gj3/i_got_all_my_reddit_comments/4s8gj3/i_got_all_my_reddit_comments/4s8gj3/i_got_all_my_reddit_comments/4s8gj3/i_got_all_my_reddit_comments/4s8gj3/i_got_all_my_reddit_comments/4s8gj3/i_got_all_my_reddit_comments/4s8gj3/i_got_all_my_reddit_comments/4s8gj3/i_got_all_my_reddit_comments/4s8gj3/i_got_all_my_reddit_comments/4s8gj3/i_got_all_my_reddit_comments/4s8gj3/i_got_all_my_reddit_comments/4s8gj3/i_got_all_my_reddit_comments/4s8gj3/i_got_all_my_reddit_comments/4s8gj3/i_got_all_my_reddit_comments/4s8gj3/i_got_all_my_reddit_comments/4s8gj3/i_got_all_my_reddit_comments/4s8gj3/i_got_all_my_reddit_",pruned,openai-community/gpt2
GPT2LMHeadModel,8,,2,8.7,2.8,26819026944,26761408512,24.520120859146118,0,Solve -11*y - 263*y + 3162 = -88*y for y.\n,17,"text-generation-mode=2""); // Start the process in the background with the new generation mode if (input.stop() > 0) { // Start the process in the background with the new generation mode if (input.stop() > 0) { input.stop(); } // Get the current generation mode if (input.stop() > 0) { input.stop(); } // Start the process in the background with the new generation mode if (input.stop() > 0) { input.stop(); } // Get the current generation mode if (input.stop() > 0) { input.stop(); } // Start the process in the background with the new generation mode if (input.stop() > 0) { input.stop(); } // Get the current generation mode if (input.stop() > 0) { input.stop(); } // Start the process in the background with the new generation mode if (input.stop() > 0) { input.stop(); } // Get the current generation mode if (input.stop() > 0) { input.stop(); } // Start the process in the background with the new generation mode if (input.stop() > 0) { input.stop(); } // Get the current generation mode if (input.stop() > 0) { input.stop(); } // Start the process in the background with the new generation mode if (input.stop() > 0) { input.stop(); } // Get the current generation mode if (input.stop() > 0) { input.stop(); } // Get the current generation mode if (input.stop() > 0) { input.stop(); } // Start the process in the background with the new generation mode if (input.stop() > 0) { input.stop(); } // Get the current generation mode if (input.stop() > 0) { input.stop(); } // Start the process in the background with the new generation mode if (input.stop() > 0) { input.stop(); } // Get the current generation mode if (input.stop() > 0) { input.stop(); } // Get the current generation mode if (input.stop() > 0) { input.stop(); } // Start the process in the background with the new generation mode if (input.stop() > 0) { input.stop(); }

RAW Paste Data

// Start the process in the background with the new generation mode if(input.stop() < 0) { // Start the",pruned,openai-community/gpt2
